
INSERT INTO `continent` VALUES (1, 'AF', 'Africa');
INSERT INTO `continent` VALUES (2, 'AN', 'Antarctica');
INSERT INTO `continent` VALUES (3, 'AS', 'Asia');
INSERT INTO `continent` VALUES (4, 'EU', 'Europe');
INSERT INTO `continent` VALUES (5, 'NA', 'North America');
INSERT INTO `continent` VALUES (6, 'OC', 'Oceania');
INSERT INTO `continent` VALUES (7, 'SA', 'South America');

INSERT INTO `country` VALUES (1,'AD','Andorra',4);
INSERT INTO `country` VALUES (2,'AE','United Arab Emirates',3);
INSERT INTO `country` VALUES (3,'AF','Afghanistan',3);
INSERT INTO `country` VALUES (4,'AG','Antigua and Barbuda',5);
INSERT INTO `country` VALUES (5,'AI','Anguilla',5);
INSERT INTO `country` VALUES (6,'AL','Albania',4);
INSERT INTO `country` VALUES (7,'AM','Armenia',3);
INSERT INTO `country` VALUES (8,'AN','Netherlands Antilles',5);
INSERT INTO `country` VALUES (9,'AO','Angola',1);
INSERT INTO `country` VALUES (10,'AQ','Antarctica',2);
INSERT INTO `country` VALUES (11,'AR','Argentina',7);
INSERT INTO `country` VALUES (12,'AS','American Samoa',6);
INSERT INTO `country` VALUES (13,'AT','Austria',4);
INSERT INTO `country` VALUES (14,'AU','Australia',6);
INSERT INTO `country` VALUES (15,'AW','Aruba',5);
INSERT INTO `country` VALUES (16,'AX','Åland',4);
INSERT INTO `country` VALUES (17,'AZ','Azerbaijan',3);
INSERT INTO `country` VALUES (18,'BA','Bosnia and Herzegovina',4);
INSERT INTO `country` VALUES (19,'BB','Barbados',5);
INSERT INTO `country` VALUES (20,'BD','Bangladesh',3);
INSERT INTO `country` VALUES (21,'BE','Belgium',4);
INSERT INTO `country` VALUES (22,'BF','Burkina Faso',1);
INSERT INTO `country` VALUES (23,'BG','Bulgaria',4);
INSERT INTO `country` VALUES (24,'BH','Bahrain',3);
INSERT INTO `country` VALUES (25,'BI','Burundi',1);
INSERT INTO `country` VALUES (26,'BJ','Benin',1);
INSERT INTO `country` VALUES (27,'BL','Saint Barthélemy',5);
INSERT INTO `country` VALUES (28,'BM','Bermuda',5);
INSERT INTO `country` VALUES (29,'BN','Brunei Darussalam',3);
INSERT INTO `country` VALUES (30,'BO','Bolivia',7);
INSERT INTO `country` VALUES (31,'BR','Brazil',7);
INSERT INTO `country` VALUES (32,'BS','Bahamas',5);
INSERT INTO `country` VALUES (33,'BT','Bhutan',3);
INSERT INTO `country` VALUES (34,'BV','Bouvet Island',2);
INSERT INTO `country` VALUES (35,'BW','Botswana',1);
INSERT INTO `country` VALUES (36,'BY','Belarus',4);
INSERT INTO `country` VALUES (37,'BZ','Belize',5);
INSERT INTO `country` VALUES (38,'CA','Canada',5);
INSERT INTO `country` VALUES (39,'CC','Cocos (Keeling) Islands',3);
INSERT INTO `country` VALUES (40,'CD','Congo (Kinshasa)',1);
INSERT INTO `country` VALUES (41,'CF','Central African Republic',1);
INSERT INTO `country` VALUES (42,'CG','Congo (Brazzaville)',1);
INSERT INTO `country` VALUES (43,'CH','Switzerland',4);
INSERT INTO `country` VALUES (44,'CI','Côte d Ivoire',1);
INSERT INTO `country` VALUES (45,'CK','Cook Islands',6);
INSERT INTO `country` VALUES (46,'CL','Chile',7);
INSERT INTO `country` VALUES (47,'CM','Cameroon',1);
INSERT INTO `country` VALUES (48,'CN','China',3);
INSERT INTO `country` VALUES (49,'CO','Colombia',7);
INSERT INTO `country` VALUES (50,'CR','Costa Rica',5);
INSERT INTO `country` VALUES (51,'CU','Cuba',5);
INSERT INTO `country` VALUES (52,'CV','Cape Verde',1);
INSERT INTO `country` VALUES (53,'CX','Christmas Island',3);
INSERT INTO `country` VALUES (54,'CY','Cyprus',3);
INSERT INTO `country` VALUES (55,'CZ','Czech Republic',4);
INSERT INTO `country` VALUES (56,'DE','Germany',4);
INSERT INTO `country` VALUES (57,'DJ','Djibouti',1);
INSERT INTO `country` VALUES (58,'DK','Denmark',4);
INSERT INTO `country` VALUES (59,'DM','Dominica',5);
INSERT INTO `country` VALUES (60,'DO','Dominican Republic',5);
INSERT INTO `country` VALUES (61,'DZ','Algeria',1);
INSERT INTO `country` VALUES (62,'EC','Ecuador',7);
INSERT INTO `country` VALUES (63,'EE','Estonia',4);
INSERT INTO `country` VALUES (64,'EG','Egypt',1);
INSERT INTO `country` VALUES (65,'EH','Western Sahara',1);
INSERT INTO `country` VALUES (66,'ER','Eritrea',1);
INSERT INTO `country` VALUES (67,'ES','Spain',4);
INSERT INTO `country` VALUES (68,'ET','Ethiopia',1);
INSERT INTO `country` VALUES (69,'FI','Finland',4);
INSERT INTO `country` VALUES (70,'FJ','Fiji',6);
INSERT INTO `country` VALUES (71,'FK','Falkland Islands',7);
INSERT INTO `country` VALUES (72,'FM','Micronesia',6);
INSERT INTO `country` VALUES (73,'FO','Faroe Islands',4);
INSERT INTO `country` VALUES (74,'FR','France',4);
INSERT INTO `country` VALUES (75,'GA','Gabon',1);
INSERT INTO `country` VALUES (76,'GB','United Kingdom',4);
INSERT INTO `country` VALUES (77,'GD','Grenada',5);
INSERT INTO `country` VALUES (78,'GE','Georgia',3);
INSERT INTO `country` VALUES (79,'GF','French Guiana',7);
INSERT INTO `country` VALUES (80,'GG','Guernsey',4);
INSERT INTO `country` VALUES (81,'GH','Ghana',1);
INSERT INTO `country` VALUES (82,'GI','Gibraltar',4);
INSERT INTO `country` VALUES (83,'GL','Greenland',5);
INSERT INTO `country` VALUES (84,'GM','Gambia',1);
INSERT INTO `country` VALUES (85,'GN','Guinea',1);
INSERT INTO `country` VALUES (86,'GP','Guadeloupe',5);
INSERT INTO `country` VALUES (87,'GQ','Equatorial Guinea',1);
INSERT INTO `country` VALUES (88,'GR','Greece',4);
INSERT INTO `country` VALUES (89,'GS','South Georgia and South Sandwich Islands',2);
INSERT INTO `country` VALUES (90,'GT','Guatemala',5),(91,'GU','Guam',6);
INSERT INTO `country` VALUES (92,'GW','Guinea-Bissau',1);
INSERT INTO `country` VALUES (93,'GY','Guyana',7);
INSERT INTO `country` VALUES (94,'HK','Hong Kong',3);
INSERT INTO `country` VALUES (95,'HM','Heard and McDonald Islands',2);
INSERT INTO `country` VALUES (96,'HN','Honduras',5);
INSERT INTO `country` VALUES (97,'HR','Croatia',4);
INSERT INTO `country` VALUES (98,'HT','Haiti',5);
INSERT INTO `country` VALUES (99,'HU','Hungary',4);
INSERT INTO `country` VALUES (100,'ID','Indonesia',3);
INSERT INTO `country` VALUES (101,'IE','Ireland',4);
INSERT INTO `country` VALUES (102,'IL','Israel',3);
INSERT INTO `country` VALUES (103,'IM','Isle of Man',4);
INSERT INTO `country` VALUES (104,'IN','India',3);
INSERT INTO `country` VALUES (105,'IO','British Indian Ocean Territory',3);
INSERT INTO `country` VALUES (106,'IQ','Iraq',3);
INSERT INTO `country` VALUES (107,'IR','Iran',3);
INSERT INTO `country` VALUES (108,'IS','Iceland',4);
INSERT INTO `country` VALUES (109,'IT','Italy',4);
INSERT INTO `country` VALUES (110,'JE','Jersey',4);
INSERT INTO `country` VALUES (111,'JM','Jamaica',5),(112,'JO','Jordan',3),(113,'JP','Japan',3),(114,'KE','Kenya',1),(115,'KG','Kyrgyzstan',3),(116,'KH','Cambodia',3),(117,'KI','Kiribati',6),(118,'KM','Comoros',1),(119,'KN','Saint Kitts and Nevis',5),(120,'KP','Korea, North',3),(121,'KR','Korea, South',3),(122,'KW','Kuwait',3),(123,'KY','Cayman Islands',5),(124,'KZ','Kazakhstan',3),(125,'LA','Laos',3),(126,'LB','Lebanon',3),(127,'LC','Saint Lucia',5),(128,'LI','Liechtenstein',4),(129,'LK','Sri Lanka',3),(130,'LR','Liberia',1),(131,'LS','Lesotho',1),(132,'LT','Lithuania',4),(133,'LU','Luxembourg',4),(134,'LV','Latvia',4),(135,'LY','Libya',1),(136,'MA','Morocco',1),(137,'MC','Monaco',4),(138,'MD','Moldova',4),(139,'ME','Montenegro',4),(140,'MF','Saint Martin (French part)',5),(141,'MG','Madagascar',1),(142,'MH','Marshall Islands',6),(143,'MK','Macedonia',4),(144,'ML','Mali',1),(145,'MM','Myanmar',3),(146,'MN','Mongolia',3),(147,'MO','Macau',3),(148,'MP','Northern Mariana Islands',6),(149,'MQ','Martinique',5),(150,'MR','Mauritania',1),(151,'MS','Montserrat',5),(152,'MT','Malta',4),(153,'MU','Mauritius',1),(154,'MV','Maldives',3),(155,'MW','Malawi',1),(156,'MX','Mexico',5),(157,'MY','Malaysia',3),(158,'MZ','Mozambique',1),(159,'NA','Namibia',1),(160,'NC','New Caledonia',6),(161,'NE','Niger',1),(162,'NF','Norfolk Island',6),(163,'NG','Nigeria',1),(164,'NI','Nicaragua',5),(165,'NL','Netherlands',4),(166,'NO','Norway',4),(167,'NP','Nepal',3),(168,'NR','Nauru',6),(169,'NU','Niue',6),(170,'NZ','New Zealand',6),(171,'OM','Oman',3),(172,'PA','Panama',5),(173,'PE','Peru',7),(174,'PF','French Polynesia',6),(175,'PG','Papua New Guinea',6),(176,'PH','Philippines',3),(177,'PK','Pakistan',3),(178,'PL','Poland',4),(179,'PM','Saint Pierre and Miquelon',5),(180,'PN','Pitcairn',6),(181,'PR','Puerto Rico',5),(182,'PS','Palestine',3),(183,'PT','Portugal',4),(184,'PW','Palau',6),(185,'PY','Paraguay',7),(186,'QA','Qatar',3),(187,'RE','Reunion',1),(188,'RO','Romania',4),(189,'RS','Serbia',4),(190,'RU','Russian Federation',4),(191,'RW','Rwanda',1),(192,'SA','Saudi Arabia',3),(193,'SB','Solomon Islands',6),(194,'SC','Seychelles',1),(195,'SD','Sudan',1),(196,'SE','Sweden',4),(197,'SG','Singapore',3),(198,'SH','Saint Helena',1),(199,'SI','Slovenia',4),(200,'SJ','Svalbard and Jan Mayen Islands',4),(201,'SK','Slovakia',4),(202,'SL','Sierra Leone',1),(203,'SM','San Marino',4),(204,'SN','Senegal',1),(205,'SO','Somalia',1),(206,'SR','Suriname',7),(207,'ST','Sao Tome and Principe',1),(208,'SV','El Salvador',5),(209,'SY','Syria',3),(210,'SZ','Swaziland',1),(211,'TC','Turks and Caicos Islands',5),(212,'TD','Chad',1),(213,'TF','French Southern Lands',2),(214,'TG','Togo',1),(215,'TH','Thailand',3),(216,'TJ','Tajikistan',3),(217,'TK','Tokelau',6),(218,'TL','Timor-Leste',3),(219,'TM','Turkmenistan',3),(220,'TN','Tunisia',1),(221,'TO','Tonga',6),(222,'TR','Turkey',3),(223,'TT','Trinidad and Tobago',5),(224,'TV','Tuvalu',6),(225,'TW','Taiwan',3),(226,'TZ','Tanzania',1),(227,'UA','Ukraine',4),(228,'UG','Uganda',1),(229,'UM','United States Minor Outlying Islands',6),(230,'US','United States of America',5),(231,'UY','Uruguay',7),(232,'UZ','Uzbekistan',3),(233,'VA','Vatican City',4),(234,'VC','Saint Vincent and the Grenadines',5),(235,'VE','Venezuela',7),(236,'VG','Virgin Islands, British',5),(237,'VI','Virgin Islands, U.S.',5),(238,'VN','Vietnam',3),(239,'VU','Vanuatu',6),(240,'WF','Wallis and Futuna Islands',6),(241,'WS','Samoa',6),(242,'YE','Yemen',3),(243,'YT','Mayotte',1),(244,'ZA','South Africa',1),(245,'ZM','Zambia',1);
INSERT INTO `country` VALUES (246,'ZW','Zimbabwe',1);

INSERT INTO `city` (`id`, `code`, `name`, `time_zone`, `country_id`) VALUES ('1', 'BUE', 'Buenos Aires', 'America/Argentina/Buenos_Aires', '11');
INSERT INTO `city` (`id`, `code`, `name`, `time_zone`, `country_id`) VALUES ('2', 'COR', 'Cordoba', 'America/Argentina/Cordoba', '11');
INSERT INTO `city` (`id`, `code`, `name`, `time_zone`, `country_id`) VALUES ('3', 'RIO', 'Rio de Janeiro', 'America/Sao_Paulo', '31');
INSERT INTO `city` (`id`, `code`, `name`, `time_zone`, `country_id`) VALUES ('4', 'SAO', 'Sao Paulo', 'America/Sao_Paulo', '31');
INSERT INTO `city` (`id`, `code`, `name`, `time_zone`, `country_id`) VALUES ('5', 'NYC', 'New York', 'America/New_York', '230');
INSERT INTO `city` (`id`, `code`, `name`, `time_zone`, `country_id`) VALUES ('6', 'WAS', 'Washington', 'America/New_York', '230');
INSERT INTO `city` (`id`, `code`, `name`, `time_zone`, `country_id`) VALUES ('7', 'MEX', 'Mexico City', 'America/Mexico_City', '156');
INSERT INTO `city` (`id`, `code`, `name`, `time_zone`, `country_id`) VALUES ('8', 'MVD', 'Montevideo', 'America/Montevideo', '231');
INSERT INTO `city` (`id`, `code`, `name`, `time_zone`, `country_id`) VALUES ('9', 'BOG', 'Bogota', 'America/Bogota', '49');
INSERT INTO `city` (`id`, `code`, `name`, `time_zone`, `country_id`) VALUES ('10', 'SCL', 'Santiago', 'America/Santiago', '46');
INSERT INTO `city` (`id`, `code`, `name`, `time_zone`, `country_id`) VALUES ('11', 'SYD', 'Sydney', 'Australia/Sydney', '14');
INSERT INTO `city` (`id`, `code`, `name`, `time_zone`, `country_id`) VALUES ('12', 'PER', 'Perth', 'Australia/Perth', '14');
INSERT INTO `city` (`id`, `code`, `name`, `time_zone`, `country_id`) VALUES ('13', 'SFO', 'San Francisco', 'America/Los_Angeles', '230');
INSERT INTO `city` (`id`, `code`, `name`, `time_zone`, `country_id`) VALUES ('14', 'MIA', 'Miami', 'America/New_York', '230');
INSERT INTO `city` (`id`, `code`, `name`, `time_zone`, `country_id`) VALUES ('15', 'MEL', 'Melboure', 'Australia/Melbourne', '14');
INSERT INTO `city` (`id`, `code`, `name`, `time_zone`, `country_id`) VALUES ('16', 'JNB', 'Johannesburg', 'Africa/Johannesburg', '244');
INSERT INTO `city` (`id`, `code`, `name`, `time_zone`, `country_id`) VALUES ('17', 'CAI', 'Cairo', 'Africa/Cairo', '64');
INSERT INTO `city` (`id`, `code`, `name`, `time_zone`, `country_id`) VALUES ('18', 'BER', 'Berlin', 'Europe/Berlin', '56');
INSERT INTO `city` (`id`, `code`, `name`, `time_zone`, `country_id`) VALUES ('19', 'PAR', 'Paris', 'Europe/Paris', '74');
INSERT INTO `city` (`id`, `code`, `name`, `time_zone`, `country_id`) VALUES ('20', 'ROM', 'Rome', 'Europe/Rome', '109');
INSERT INTO `city` (`id`, `code`, `name`, `time_zone`, `country_id`) VALUES ('21', 'MAD', 'Madrid', 'Europe/Madrid', '67');
INSERT INTO `city` (`id`, `code`, `name`, `time_zone`, `country_id`) VALUES ('22', 'LON', 'London', 'Europe/London', '76');
INSERT INTO `city` (`id`, `code`, `name`, `time_zone`, `country_id`) VALUES ('23', 'TOK', 'Tokyo', 'Asia/Tokyo', '113');
INSERT INTO `city` (`id`, `code`, `name`, `time_zone`, `country_id`) VALUES ('24', 'SIN', 'Singapore', 'Asia/Singapore', '197');
INSERT INTO `city` (`id`, `code`, `name`, `time_zone`, `country_id`) VALUES ('25', 'BKK', 'Bangkok', 'Asia/Hong_Kong', '215');
INSERT INTO `city` (`id`, `code`, `name`, `time_zone`, `country_id`) VALUES ('26', 'TLV', 'Tel Aviv', 'Asia/Jerusalem', '102');
INSERT INTO `city` (`id`, `code`, `name`, `time_zone`, `country_id`) VALUES ('27', 'SHA', 'Shanghai', 'Asia/Shanghai', '48');
INSERT INTO `city` (`id`, `code`, `name`, `time_zone`, `country_id`) VALUES ('28', 'MOS', 'Moscow', 'Europe/Moscow', '190');
INSERT INTO `city` (`id`, `code`, `name`, `time_zone`, `country_id`) VALUES ('29', 'MAN', 'Manila', 'Asia/Manila', '176');
INSERT INTO `city` (`id`, `code`, `name`, `time_zone`, `country_id`) VALUES ('30', 'OTP', 'Bucharest', 'Europe/Bucharest', '188');

